,Lat,Long,-,Alt,dayNo,Date,Time,datetime,Transportation Mode,x,y
0,39.882304,116.269494,0,253,39737.1048611111,2008-10-16,02:31:00,2008-10-16 02:31:00,taxi,-5783.667269202583,-10469.642203535848
1,39.882472,116.269428,0,253,39737.1048842593,2008-10-16,02:31:02,2008-10-16 02:31:02,taxi,-5789.289647848002,-10450.966081642377
2,39.882656,116.269349,0,253,39737.1049074074,2008-10-16,02:31:04,2008-10-16 02:31:04,taxi,-5796.019464708182,-10430.511281887077
3,39.882855,116.269277,0,253,39737.1049305556,2008-10-16,02:31:06,2008-10-16 02:31:06,taxi,-5802.152968682865,-10408.388971770364
4,39.883074,116.2692,0,252,39737.1049537037,2008-10-16,02:31:08,2008-10-16 02:31:08,taxi,-5808.71241043201,-10384.043314488676
5,39.883274,116.269151,0,253,39737.1049768519,2008-10-16,02:31:10,2008-10-16 02:31:10,taxi,-5812.886600636826,-10361.809838055187
6,39.883473,116.269098,0,253,39737.105,2008-10-16,02:31:12,2008-10-16 02:31:12,taxi,-5817.401541061022,-10339.687529511682
7,39.883671,116.269037,0,252,39737.1050231481,2008-10-16,02:31:14,2008-10-16 02:31:14,taxi,-5822.597981924251,-10317.67638885194
8,39.883863,116.268968,0,251,39737.105046296296,2008-10-16,02:31:16,2008-10-16 02:31:16,taxi,-5828.475923228415,-10296.33225293289
9,39.88405,116.268909,0,249,39737.1050694444,2008-10-16,02:31:18,2008-10-16 02:31:18,taxi,-5833.5019889814375,-10275.543954340323
10,39.88423,116.26886,0,248,39737.105092592596,2008-10-16,02:31:20,2008-10-16 02:31:20,taxi,-5837.676179181476,-10255.533827775784
11,39.884403000000006,116.268822,0,246,39737.1051157407,2008-10-16,02:31:22,2008-10-16 02:31:22,taxi,-5840.91330627769,-10236.301873190196
12,39.884563,116.26878700000002,0,242,39737.1051388889,2008-10-16,02:31:24,2008-10-16 02:31:24,taxi,-5843.894870705158,-10218.515094724391
13,39.884714,116.268751,0,238,39737.105162037005,2008-10-16,02:31:26,2008-10-16 02:31:26,taxi,-5846.961622689998,-10201.728822847528
14,39.884863,116.268729,0,234,39737.1051851852,2008-10-16,02:31:28,2008-10-16 02:31:28,taxi,-5848.835748900792,-10185.164885983018
15,39.88499,116.268699,0,230,39737.1052083333,2008-10-16,02:31:30,2008-10-16 02:31:30,taxi,-5851.391375554885,-10171.046631296369
16,39.885133,116.268685,0,227,39737.1052314815,2008-10-16,02:31:32,2008-10-16 02:31:32,taxi,-5852.584001324281,-10155.149699101024
17,39.885256,116.268666,0,223,39737.1052546296,2008-10-16,02:31:34,2008-10-16 02:31:34,taxi,-5854.202564872894,-10141.47611427555
18,39.885372,116.268643,0,220,39737.105277777795,2008-10-16,02:31:36,2008-10-16 02:31:36,taxi,-5856.161878638756,-10128.580701121888
19,39.885498,116.268627,0,217,39737.1053009259,2008-10-16,02:31:38,2008-10-16 02:31:38,taxi,-5857.5248795209955,-10114.573614614703
20,39.885652,116.268605,0,215,39737.1053240741,2008-10-16,02:31:40,2008-10-16 02:31:40,taxi,-5859.399005731287,-10097.453842492727
21,39.885834,116.26857,0,213,39737.105347222205,2008-10-16,02:31:42,2008-10-16 02:31:42,taxi,-5862.380570159523,-10077.221384922224
22,39.886068,116.268525,0,210,39737.1053703704,2008-10-16,02:31:44,2008-10-16 02:31:44,taxi,-5866.214010137115,-10051.208225811442
23,39.886324,116.268464,0,211,39737.105393518505,2008-10-16,02:31:46,2008-10-16 02:31:46,taxi,-5871.410450993923,-10022.749385878535
24,39.886592,116.268406,0,212,39737.1054166667,2008-10-16,02:31:48,2008-10-16 02:31:48,taxi,-5876.351329186107,-9992.95653872136
25,39.886868,116.268357,0,214,39737.1054398148,2008-10-16,02:31:50,2008-10-16 02:31:50,taxi,-5880.525519383777,-9962.274353804616
26,39.88713900000001,116.268318,0,216,39737.105462963,2008-10-16,02:31:52,2008-10-16 02:31:52,taxi,-5883.847834029654,-9932.148006518413
27,39.88740900000001,116.268297,0,217,39737.1054861111,2008-10-16,02:31:54,2008-10-16 02:31:54,taxi,-5885.636772683343,-9902.132827500543
28,39.88769600000001,116.268295,0,217,39737.1055092593,2008-10-16,02:31:56,2008-10-16 02:31:56,taxi,-5885.80714779404,-9870.227804901864
29,39.887978,116.268293,0,217,39737.105532407404,2008-10-16,02:31:58,2008-10-16 02:31:58,taxi,-5885.977522902569,-9838.878619961433
30,39.888248,116.268289,0,219,39737.1055555556,2008-10-16,02:32:00,2008-10-16 02:32:00,taxi,-5886.318273123958,-9808.863443843518
31,39.8885,116.268282,0,219,39737.1055787037,2008-10-16,02:32:02,2008-10-16 02:32:02,taxi,-5886.914586009214,-9780.849280308019
32,39.888747,116.268286,0,219,39737.1056018519,2008-10-16,02:32:04,2008-10-16 02:32:04,taxi,-5886.57383578783,-9753.390954140115
33,39.888982,116.268291,0,218,39737.105625,2008-10-16,02:32:06,2008-10-16 02:32:06,taxi,-5886.147898013263,-9727.266636445744
34,39.889208,116.26828799999998,0,220,39737.1056481482,2008-10-16,02:32:08,2008-10-16 02:32:08,taxi,-5886.403460679304,-9702.142825201847
35,39.889438,116.268284,0,220,39737.105671296296,2008-10-16,02:32:10,2008-10-16 02:32:10,taxi,-5886.744210898523,-9676.574345404633
36,39.889663,116.268279,0,219,39737.1056944444,2008-10-16,02:32:12,2008-10-16 02:32:12,taxi,-5887.1701486730835,-9651.561702779274
37,39.889903,116.26827,0,220,39737.105717592596,2008-10-16,02:32:14,2008-10-16 02:32:14,taxi,-5887.936836669015,-9624.881551359491
38,39.89016,116.268257,0,219,39737.1057407407,2008-10-16,02:32:16,2008-10-16 02:32:16,taxi,-5889.04427488413,-9596.311556697807
39,39.890447,116.268249,0,219,39737.1057638889,2008-10-16,02:32:18,2008-10-16 02:32:18,taxi,-5889.725775324685,-9564.406544203455
40,39.890764,116.268251,0,219,39737.105787037,2008-10-16,02:32:20,2008-10-16 02:32:20,taxi,-5889.555400214005,-9529.166514207744
41,39.891083,116.268263,0,214,39737.1058101852,2008-10-16,02:32:22,2008-10-16 02:32:22,taxi,-5888.533149554248,-9493.704150935393
42,39.891387,116.268256,0,211,39737.1058333333,2008-10-16,02:32:24,2008-10-16 02:32:24,taxi,-5889.129462439471,-9459.909298120054
43,39.891685,116.268249,0,206,39737.105856481496,2008-10-16,02:32:26,2008-10-16 02:32:26,taxi,-5889.725775324685,-9426.781450126555
44,39.891969,116.268246,0,201,39737.1058796296,2008-10-16,02:32:28,2008-10-16 02:32:28,taxi,-5889.981337988535,-9395.209945042643
45,39.892238,116.26825,0,197,39737.105902777796,2008-10-16,02:32:30,2008-10-16 02:32:30,taxi,-5889.640587769345,-9365.305949982956
46,39.892509,116.26826,0,192,39737.1059259259,2008-10-16,02:32:32,2008-10-16 02:32:32,taxi,-5888.7887122181055,-9335.179621323843
47,39.892777,116.268262,0,185,39737.1059490741,2008-10-16,02:32:34,2008-10-16 02:32:34,taxi,-5888.618337109589,-9305.386795381637
48,39.893032,116.268261,0,180,39737.105972222205,2008-10-16,02:32:36,2008-10-16 02:32:36,taxi,-5888.703524664931,-9277.039144686376
49,39.893284,116.268275,0,177,39737.1059953704,2008-10-16,02:32:38,2008-10-16 02:32:38,taxi,-5887.510898894462,-9249.02499658084
50,39.89353300000001,116.268312,0,174,39737.1060185185,2008-10-16,02:32:40,2008-10-16 02:32:40,taxi,-5884.358959359597,-9221.344351036001
51,39.893776,116.268371,0,175,39737.1060416667,2008-10-16,02:32:42,2008-10-16 02:32:42,taxi,-5879.33289361089,-9194.330709765987
52,39.894008,116.268455,0,177,39737.1060648148,2008-10-16,02:32:44,2008-10-16 02:32:44,taxi,-5872.177138987995,-9168.539908928024
53,39.894237,116.268547,0,175,39737.106087962995,2008-10-16,02:32:46,2008-10-16 02:32:46,taxi,-5864.339883924979,-9143.082610501247
54,39.894467,116.268632,0,173,39737.1061111111,2008-10-16,02:32:48,2008-10-16 02:32:48,taxi,-5857.098941743945,-9117.514145507601
55,39.894691,116.268712,0,172,39737.1061342593,2008-10-16,02:32:50,2008-10-16 02:32:50,taxi,-5850.28393733871,-9092.612684598504
56,39.894902,116.268803,0,171,39737.106157407405,2008-10-16,02:32:52,2008-10-16 02:32:52,taxi,-5842.531869822447,-9069.156398348838
57,39.895088,116.268937,0,171,39737.1061805556,2008-10-16,02:32:54,2008-10-16 02:32:54,taxi,-5831.116737439289,-9048.479293406048
58,39.895234,116.26909,0,171,39737.106203703705,2008-10-16,02:32:56,2008-10-16 02:32:56,taxi,-5818.083041500647,-9032.248878008992
59,39.895344,116.269288,0,167,39737.1062268519,2008-10-16,02:32:58,2008-10-16 02:32:58,taxi,-5801.215905576376,-9020.020483026645
60,39.895413,116.269471,0,166,39737.10625,2008-10-16,02:33:00,2008-10-16 02:33:00,taxi,-5785.626582974098,-9012.349944435893
61,39.895437,116.269656,0,163,39737.1062731481,2008-10-16,02:33:02,2008-10-16 02:33:02,taxi,-5769.866885252367,-9009.681931026385
62,39.895477,116.269865,0,162,39737.1062962963,2008-10-16,02:33:04,2008-10-16 02:33:04,taxi,-5752.062686200072,-9005.235242028102
63,39.895522,116.270059,0,161,39737.1063194444,2008-10-16,02:33:06,2008-10-16 02:33:06,taxi,-5735.536300468451,-9000.232716929422
64,39.895582,116.270239,0,161,39737.1063425926,2008-10-16,02:33:08,2008-10-16 02:33:08,taxi,-5720.202540505565,-8993.562683505308
65,39.895648,116.27038,0,160,39737.1063657407,2008-10-16,02:33:10,2008-10-16 02:33:10,taxi,-5708.1910951973805,-8986.225646790728
66,39.895734,116.270499,0,156,39737.1063888889,2008-10-16,02:33:12,2008-10-16 02:33:12,taxi,-5698.053776103486,-8976.665265702171
67,39.895817,116.270592,0,154,39737.106412037,2008-10-16,02:33:14,2008-10-16 02:33:14,taxi,-5690.131333450532,-8967.438386368474
68,39.895934,116.270572,0,151,39737.106435185204,2008-10-16,02:33:16,2008-10-16 02:33:16,taxi,-5691.835084559314,-8954.431821675833
69,39.896105,116.270551,0,149,39737.1064583333,2008-10-16,02:33:18,2008-10-16 02:33:18,taxi,-5693.624023221616,-8935.422227438707
70,39.896296,116.270501,0,148,39737.106481481496,2008-10-16,02:33:20,2008-10-16 02:33:20,taxi,-5697.883400994155,-8914.189289288572
71,39.896474,116.270451,0,150,39737.1065046296,2008-10-16,02:33:22,2008-10-16 02:33:22,taxi,-5702.142778764078,-8894.401525360317
72,39.896639,116.270393,0,152,39737.106527777796,2008-10-16,02:33:24,2008-10-16 02:33:24,taxi,-5707.0836569772355,-8876.058935563666
73,39.896796,116.270344,0,149,39737.1065509259,2008-10-16,02:33:26,2008-10-16 02:33:26,taxi,-5711.257847190469,-8858.605683778333
74,39.896909,116.270279,0,145,39737.1065740741,2008-10-16,02:33:28,2008-10-16 02:33:28,taxi,-5716.795038290317,-8846.043789376125
75,39.896997,116.270166,0,141,39737.1065972222,2008-10-16,02:33:30,2008-10-16 02:33:30,taxi,-5726.421232045375,-8836.261075264942
76,39.89707,116.270014,0,139,39737.1066203704,2008-10-16,02:33:32,2008-10-16 02:33:32,taxi,-5739.369740458261,-8828.145869316375
77,39.897147,116.269814,0,139,39737.1066435185,2008-10-16,02:33:34,2008-10-16 02:33:34,taxi,-5756.407251519897,-8819.585994622259
78,39.897261,116.269576,0,137,39737.106666666696,2008-10-16,02:33:36,2008-10-16 02:33:36,taxi,-5776.681889673572,-8806.912933525411
79,39.897366,116.269333,0,136,39737.1066898148,2008-10-16,02:33:38,2008-10-16 02:33:38,taxi,-5797.382465592491,-8795.240377400243
80,39.897475,116.269074,0,138,39737.106712962996,2008-10-16,02:33:40,2008-10-16 02:33:40,taxi,-5819.446042384197,-8783.12315261852
81,39.897603,116.268842,0,136,39737.1067361111,2008-10-16,02:33:42,2008-10-16 02:33:42,taxi,-5839.209555173084,-8768.893751235064
82,39.897759,116.268645,0,134,39737.1067592593,2008-10-16,02:33:44,2008-10-16 02:33:44,taxi,-5855.991503527931,-8751.551668582164
83,39.897919,116.268499,0,132,39737.106782407405,2008-10-16,02:33:46,2008-10-16 02:33:46,taxi,-5868.428886566371,-8733.764917466528
84,39.898052,116.268403,0,129,39737.1068055556,2008-10-16,02:33:48,2008-10-16 02:33:48,taxi,-5876.606891850045,-8718.979680851551
85,39.898159,116.268322,0,128,39737.1068287037,2008-10-16,02:33:50,2008-10-16 02:33:50,taxi,-5883.507083808243,-8707.084791407819
86,39.898243,116.268266,0,127,39737.1068518519,2008-10-16,02:33:52,2008-10-16 02:33:52,taxi,-5888.27758688822,-8697.746747461342
87,39.89831,116.268254,0,125,39737.106875,2008-10-16,02:33:54,2008-10-16 02:33:54,taxi,-5889.299837547985,-8690.298545807249
88,39.898371,116.268257,0,122,39737.1068981481,2008-10-16,02:33:56,2008-10-16 02:33:56,taxi,-5889.04427488413,-8683.517347336867
89,39.898424,116.268267,0,120,39737.1069212963,2008-10-16,02:33:58,2008-10-16 02:33:58,taxi,-5888.192399335044,-8677.625486408131
90,39.898461,116.268274,0,117,39737.1069444444,2008-10-16,02:34:00,2008-10-16 02:34:00,taxi,-5887.596086447639,-8673.51230049853
91,39.898506,116.26828700000002,0,116,39737.1069675926,2008-10-16,02:34:02,2008-10-16 02:34:02,taxi,-5886.488648232484,-8668.509777118596
92,39.898578,116.268306,0,116,39737.1069907407,2008-10-16,02:34:04,2008-10-16 02:34:04,taxi,-5884.8700846895335,-8660.505739764754
93,39.898672,116.268336,0,117,39737.1070138889,2008-10-16,02:34:06,2008-10-16 02:34:06,taxi,-5882.3144580376165,-8650.056024430614
94,39.898792,116.26835,0,118,39737.107037037,2008-10-16,02:34:08,2008-10-16 02:34:08,taxi,-5881.121832266954,-8636.715962465343
95,39.898938,116.268352,0,119,39737.1070601852,2008-10-16,02:34:10,2008-10-16 02:34:10,taxi,-5880.951457158405,-8620.485553989458
96,39.899119,116.268347,0,120,39737.1070833333,2008-10-16,02:34:12,2008-10-16 02:34:12,taxi,-5881.377394933027,-8600.364294546413
97,39.899318,116.26833,0,120,39737.1071064815,2008-10-16,02:34:14,2008-10-16 02:34:14,taxi,-5882.82558336758,-8578.242026360787
98,39.899547,116.268311,0,121,39737.1071296296,2008-10-16,02:34:16,2008-10-16 02:34:16,taxi,-5884.4441469127805,-8552.784743497585
99,39.899767,116.268308,0,122,39737.1071527778,2008-10-16,02:34:18,2008-10-16 02:34:18,taxi,-5884.699709578834,-8528.327965833661
100,39.899985,116.268301,0,122,39737.1071759259,2008-10-16,02:34:20,2008-10-16 02:34:20,taxi,-5885.296022464115,-8504.093523122703
101,39.900178,116.268292,0,121,39737.1071990741,2008-10-16,02:34:22,2008-10-16 02:34:22,taxi,-5886.062710457916,-8482.638260130438
102,39.900379,116.268284,0,119,39737.1072222222,2008-10-16,02:34:24,2008-10-16 02:34:24,taxi,-5886.744210898523,-8460.293660317484
103,39.900582,116.268269,0,118,39737.107245370404,2008-10-16,02:34:26,2008-10-16 02:34:26,taxi,-5888.022024224359,-8437.72672670346
104,39.900786,116.26825,0,119,39737.1072685185,2008-10-16,02:34:28,2008-10-16 02:34:28,taxi,-5889.640587769345,-8415.048626461137
105,39.900996,116.268252,0,120,39737.107291666696,2008-10-16,02:34:30,2008-10-16 02:34:30,taxi,-5889.470212658665,-8391.703523825689
106,39.901213,116.268248,0,118,39737.1073148148,2008-10-16,02:34:32,2008-10-16 02:34:32,taxi,-5889.810962877857,-8367.580251695887
107,39.901438,116.268258,0,116,39737.107337962996,2008-10-16,02:34:34,2008-10-16 02:34:34,taxi,-5888.959087328788,-8342.567642981223
108,39.901655,116.268257,0,117,39737.1073611111,2008-10-16,02:34:36,2008-10-16 02:34:36,taxi,-5889.04427488413,-8318.444372079144
109,39.901844,116.268257,0,121,39737.1073842593,2008-10-16,02:34:38,2008-10-16 02:34:38,taxi,-5889.04427488413,-8297.433781784164
110,39.901962,116.268254,0,124,39737.107407407406,2008-10-16,02:34:40,2008-10-16 02:34:40,taxi,-5889.299837547985,-8284.316058975379
111,39.902017,116.268245,0,127,39737.1074305556,2008-10-16,02:34:42,2008-10-16 02:34:42,taxi,-5890.0665255438735,-8278.201866200618
112,39.902023,116.268246,0,132,39737.1074537037,2008-10-16,02:34:44,2008-10-16 02:34:44,taxi,-5889.981337988535,-8277.534863355088
113,39.902008,116.268257,0,136,39737.1074768519,2008-10-16,02:34:46,2008-10-16 02:34:46,taxi,-5889.04427488413,-8279.202370470484
114,39.901991,116.268258,0,136,39737.1075,2008-10-16,02:34:48,2008-10-16 02:34:48,taxi,-5888.959087328788,-8281.092211870851
115,39.901981,116.268252,0,136,39737.1075231481,2008-10-16,02:34:50,2008-10-16 02:34:50,taxi,-5889.470212658665,-8282.203883284892
116,39.901976,116.268258,0,137,39737.1075462963,2008-10-16,02:34:52,2008-10-16 02:34:52,taxi,-5888.959087328788,-8282.75971899239
117,39.901972,116.268268,0,137,39737.1075694444,2008-10-16,02:34:54,2008-10-16 02:34:54,taxi,-5888.107211777534,-8283.204387558199
118,39.901966,116.268269,0,138,39737.1075925926,2008-10-16,02:34:56,2008-10-16 02:34:56,taxi,-5888.022024224359,-8283.871390408352
119,39.901962,116.268278,0,138,39737.1076157407,2008-10-16,02:34:58,2008-10-16 02:34:58,taxi,-5887.255336228429,-8284.316058975379
120,39.90196,116.268292,0,138,39737.1076388889,2008-10-16,02:35:00,2008-10-16 02:35:00,taxi,-5886.062710457916,-8284.53839325826
121,39.90196,116.268304,0,138,39737.107662037,2008-10-16,02:35:02,2008-10-16 02:35:02,taxi,-5885.040459798067,-8284.53839325826
122,39.901961,116.268318,0,138,39737.1076851852,2008-10-16,02:35:04,2008-10-16 02:35:04,taxi,-5883.847834029654,-8284.427226116813
123,39.901964,116.268331,0,137,39737.1077083333,2008-10-16,02:35:06,2008-10-16 02:35:06,taxi,-5882.740395812225,-8284.093724691838
124,39.901962,116.268346,0,137,39737.1077314815,2008-10-16,02:35:08,2008-10-16 02:35:08,taxi,-5881.462582488386,-8284.316058975379
125,39.901957,116.268352,0,136,39737.1077546296,2008-10-16,02:35:10,2008-10-16 02:35:10,taxi,-5880.951457158405,-8284.871894683387
126,39.901948,116.268347,0,135,39737.1077777778,2008-10-16,02:35:12,2008-10-16 02:35:12,taxi,-5881.377394933027,-8285.872398960166
127,39.901946,116.268351,0,134,39737.1078009259,2008-10-16,02:35:14,2008-10-16 02:35:14,taxi,-5881.036644713763,-8286.094733243406
128,39.901946,116.268356,0,134,39737.1078240741,2008-10-16,02:35:16,2008-10-16 02:35:16,taxi,-5880.610706936967,-8286.094733243406
129,39.901948,116.268357,0,133,39737.1078472222,2008-10-16,02:35:18,2008-10-16 02:35:18,taxi,-5880.525519383777,-8285.872398960166
130,39.901946,116.268359,0,133,39737.1078703704,2008-10-16,02:35:20,2008-10-16 02:35:20,taxi,-5880.355144273058,-8286.094733243406
131,39.901946,116.268365,0,133,39737.1078935185,2008-10-16,02:35:22,2008-10-16 02:35:22,taxi,-5879.844018940893,-8286.094733243406
132,39.901943,116.268367,0,132,39737.1079166667,2008-10-16,02:35:24,2008-10-16 02:35:24,taxi,-5879.673643832339,-8286.42823466907
133,39.901939,116.268365,0,132,39737.1079398148,2008-10-16,02:35:26,2008-10-16 02:35:26,taxi,-5879.844018940893,-8286.872903237276
134,39.901937,116.268366,0,132,39737.107962963,2008-10-16,02:35:28,2008-10-16 02:35:28,taxi,-5879.7588313877,-8287.095237521453
135,39.901938,116.268373,0,131,39737.1079861111,2008-10-16,02:35:30,2008-10-16 02:35:30,taxi,-5879.162518502334,-8286.984070379003
136,39.901943,116.26838,0,131,39737.1080092593,2008-10-16,02:35:32,2008-10-16 02:35:32,taxi,-5878.566205616959,-8286.42823466907
137,39.901954,116.268378,0,131,39737.1080324074,2008-10-16,02:35:34,2008-10-16 02:35:34,taxi,-5878.736580727687,-8285.20539610863
138,39.902017,116.268375,0,131,39737.108055555604,2008-10-16,02:35:36,2008-10-16 02:35:36,taxi,-5878.992143391608,-8278.201866200618
139,39.902102,116.268365,0,130,39737.1080787037,2008-10-16,02:35:38,2008-10-16 02:35:38,taxi,-5879.844018940893,-8268.752659262655
140,39.902198,116.26833700000002,0,131,39737.108101851896,2008-10-16,02:35:40,2008-10-16 02:35:40,taxi,-5882.229270482261,-8258.08061389109
141,39.902311,116.268336,0,131,39737.108125,2008-10-16,02:35:42,2008-10-16 02:35:42,taxi,-5882.3144580376165,-8245.51872730306
142,39.902398,116.268327,0,129,39737.1081481481,2008-10-16,02:35:44,2008-10-16 02:35:44,taxi,-5883.081146033643,-8235.847186412551
143,39.902473,116.268324,0,125,39737.1081712963,2008-10-16,02:35:46,2008-10-16 02:35:46,taxi,-5883.336708697537,-8227.509651239483
144,39.902567,116.268321,0,123,39737.1081944444,2008-10-16,02:35:48,2008-10-16 02:35:48,taxi,-5883.592271363597,-8217.059940591867
145,39.902667,116.268332,0,121,39737.1082175926,2008-10-16,02:35:50,2008-10-16 02:35:50,taxi,-5882.6552082568705,-8205.94322725987
146,39.902761,116.268336,0,121,39737.1082407407,2008-10-16,02:35:52,2008-10-16 02:35:52,taxi,-5882.3144580376165,-8195.49351684568
147,39.902862,116.26833899999998,0,118,39737.1082638889,2008-10-16,02:35:54,2008-10-16 02:35:54,taxi,-5882.058895373716,-8184.265636632804
148,39.903,116.268326,0,118,39737.108287037,2008-10-16,02:35:56,2008-10-16 02:35:56,taxi,-5883.16633358683,-8168.924572790604
149,39.903157,116.268323,0,118,39737.1083101852,2008-10-16,02:35:58,2008-10-16 02:35:58,taxi,-5883.42189625289,-8151.471333787699
150,39.903318,116.268317,0,120,39737.1083333333,2008-10-16,02:36:00,2008-10-16 02:36:00,taxi,-5883.9330215828395,-8133.573426603221
151,39.903471,116.26828,0,131,39737.1083564815,2008-10-16,02:36:02,2008-10-16 02:36:02,taxi,-5887.084961117738,-8116.564856729159
152,39.903579,116.268289,0,136,39737.1083796296,2008-10-16,02:36:04,2008-10-16 02:36:04,taxi,-5886.318273123958,-8104.558807586659
153,39.903705,116.268304,0,143,39737.1084027778,2008-10-16,02:36:06,2008-10-16 02:36:06,taxi,-5885.040459798067,-8090.5517504423315
154,39.903859,116.268291,0,143,39737.1084259259,2008-10-16,02:36:08,2008-10-16 02:36:08,taxi,-5886.147898013263,-8073.432014209756
155,39.903958,116.268274,0,143,39737.108449074105,2008-10-16,02:36:10,2008-10-16 02:36:10,taxi,-5887.596086447639,-8062.426469648162
156,39.904048,116.268264,0,149,39737.1084722222,2008-10-16,02:36:12,2008-10-16 02:36:12,taxi,-5888.447961998904,-8052.42142924617
157,39.904113,116.268255,0,154,39737.1084953704,2008-10-16,02:36:14,2008-10-16 02:36:14,taxi,-5889.214649994812,-8045.195566799008
158,39.904148,116.268255,0,158,39737.1085185185,2008-10-16,02:36:16,2008-10-16 02:36:16,taxi,-5889.214649994812,-8041.304717811343
159,39.904187,116.268277,0,163,39737.1085416667,2008-10-16,02:36:18,2008-10-16 02:36:18,taxi,-5887.340523783774,-8036.969200386053
160,39.904232,116.268314,0,177,39737.1085648148,2008-10-16,02:36:20,2008-10-16 02:36:20,taxi,-5884.1885842488955,-8031.966680304359
161,39.904295,116.268333,0,183,39737.108587963,2008-10-16,02:36:22,2008-10-16 02:36:22,taxi,-5882.570020703683,-8024.963152234103
162,39.904369,116.268338,0,193,39737.1086111111,2008-10-16,02:36:24,2008-10-16 02:36:24,taxi,-5882.144082926904,-8016.736785992843
163,39.904447,116.268336,0,207,39737.1086342593,2008-10-16,02:36:26,2008-10-16 02:36:26,taxi,-5882.3144580376165,-8008.0657513830965
164,39.904526,116.268356,0,224,39737.1086574074,2008-10-16,02:36:28,2008-10-16 02:36:28,taxi,-5880.610706936967,-7999.283549742617
165,39.904608,116.268357,0,245,39737.108680555604,2008-10-16,02:36:30,2008-10-16 02:36:30,taxi,-5880.525519383777,-7990.167846857171
166,39.904747,116.26833899999998,0,268,39737.1087037037,2008-10-16,02:36:32,2008-10-16 02:36:32,taxi,-5882.058895373716,-7974.71561899275
167,39.904853,116.268354,0,284,39737.1087268519,2008-10-16,02:36:34,2008-10-16 02:36:34,taxi,-5880.781082047686,-7962.931905823802
168,39.904955,116.268385,0,306,39737.10875,2008-10-16,02:36:36,2008-10-16 02:36:36,taxi,-5878.140267842305,-7951.592861212463
169,39.90506,116.268381,0,305,39737.1087731481,2008-10-16,02:36:38,2008-10-16 02:36:38,taxi,-5878.481018061596,-7939.920315427512
170,39.905157,116.268443,0,284,39737.1087962963,2008-10-16,02:36:40,2008-10-16 02:36:40,taxi,-5873.199389650346,-7929.137106589647
171,39.905169,116.268432,0,270,39737.1088194444,2008-10-16,02:36:42,2008-10-16 02:36:42,taxi,-5874.13645275513,-7927.803101381371
172,39.905172,116.268427,0,264,39737.1088425926,2008-10-16,02:36:44,2008-10-16 02:36:44,taxi,-5874.562390529828,-7927.46960007959
173,39.905179,116.268431,0,266,39737.1088657407,2008-10-16,02:36:46,2008-10-16 02:36:46,taxi,-5874.221640310503,-7926.691430375412
174,39.905189,116.268439,0,268,39737.1088888889,2008-10-16,02:36:48,2008-10-16 02:36:48,taxi,-5873.5401398696795,-7925.579759370732
175,39.905201,116.268441,0,269,39737.108912037,2008-10-16,02:36:50,2008-10-16 02:36:50,taxi,-5873.369764761098,-7924.245754167372
176,39.905212,116.268427,0,251,39737.1089351852,2008-10-16,02:36:52,2008-10-16 02:36:52,taxi,-5874.562390529828,-7923.022916065677
177,39.905213,116.268366,0,252,39737.1089583333,2008-10-16,02:36:54,2008-10-16 02:36:54,taxi,-5879.7588313877,-7922.911748965148
178,39.905228,116.268319,0,265,39737.1089814815,2008-10-16,02:36:56,2008-10-16 02:36:56,taxi,-5883.762646472134,-7921.244242465137
179,39.905233,116.268283,0,273,39737.1090046296,2008-10-16,02:36:58,2008-10-16 02:36:58,taxi,-5886.8293984538695,-7920.688406965774
180,39.905236,116.268268,0,275,39737.1090277778,2008-10-16,02:37:00,2008-10-16 02:37:00,taxi,-5888.107211777534,-7920.3549056664515
181,39.90525,116.268263,0,269,39737.1090509259,2008-10-16,02:37:02,2008-10-16 02:37:02,taxi,-5888.533149554248,-7918.798566270896
182,39.905274,116.268267,0,271,39737.1090740741,2008-10-16,02:37:04,2008-10-16 02:37:04,taxi,-5888.192399335044,-7916.130555884054
183,39.905311,116.268271,0,270,39737.1090972222,2008-10-16,02:37:06,2008-10-16 02:37:06,taxi,-5887.851649113672,-7912.017373218693
184,39.905334,116.268269,0,271,39737.1091203704,2008-10-16,02:37:08,2008-10-16 02:37:08,taxi,-5888.022024224359,-7909.4605299488485
185,39.905361,116.268266,0,273,39737.1091435185,2008-10-16,02:37:10,2008-10-16 02:37:10,taxi,-5888.27758688822,-7906.459018293289
186,39.905382,116.268263,0,275,39737.1091666667,2008-10-16,02:37:12,2008-10-16 02:37:12,taxi,-5888.533149554248,-7904.124509234148
187,39.90541,116.268258,0,275,39737.1091898148,2008-10-16,02:37:14,2008-10-16 02:37:14,taxi,-5888.959087328788,-7901.01183049717
188,39.905431,116.268258,0,272,39737.109212963,2008-10-16,02:37:16,2008-10-16 02:37:16,taxi,-5888.959087328788,-7898.67732145191
189,39.905464,116.268242,0,269,39737.1092361111,2008-10-16,02:37:18,2008-10-16 02:37:18,taxi,-5890.322088207723,-7895.008807247917
190,39.905492,116.26823799999998,0,270,39737.109259259305,2008-10-16,02:37:20,2008-10-16 02:37:20,taxi,-5890.662838431241,-7891.896128540331
191,39.905505,116.268248,0,274,39737.1092824074,2008-10-16,02:37:22,2008-10-16 02:37:22,taxi,-5889.810962877857,-7890.450956287432
192,39.905518,116.268258,0,280,39737.1093055556,2008-10-16,02:37:24,2008-10-16 02:37:24,taxi,-5888.959087328788,-7889.00578403599
193,39.905537,116.268262,0,280,39737.1093287037,2008-10-16,02:37:26,2008-10-16 02:37:26,taxi,-5888.618337109589,-7886.8936092103595
194,39.905563,116.268256,0,277,39737.1093518519,2008-10-16,02:37:28,2008-10-16 02:37:28,taxi,-5889.129462439471,-7884.003264720995
195,39.905597,116.268245,0,272,39737.109375,2008-10-16,02:37:30,2008-10-16 02:37:30,taxi,-5890.0665255438735,-7880.2235834778585
